{"(8,)": 1.0, "(18,)": 1.1276687649622947, "(2,)": 1.0309593160128507, "(18, 8)": 1.4617224773630966, "(12, 6)": 1.419399407838928, "(9, 5)": 1.372475672742499, "(17, 5)": 1.4704220636080234, "(8, 18)": 1.457503532368095, "(11, 8)": 1.5116010736543561, "(8, 17)": 1.484530400730625, "(11, 18)": 1.5373115208569377, "(10, 18)": 1.6180693247715179, "(12, 3)": 1.7081293069828, "(9, 2)": 1.5581050916123174, "(2, 18)": 1.6333025469411093, "(9, 3)": 1.6128069641488287, "(3, 12)": 1.7269630862145826, "(5, 5)": 1.7738713587486092, "(15, 8)": 1.941269398831793, "(14, 2)": 2.0109394116219943, "(2, 15)": 2.011177804145243, "(15, 17)": 1.855898802620863, "(17, 13)": 2.4027963908906442, "(1, 8)": 1.966618893562142, "(14, 9)": 2.1517130901823656, "(7, 15)": 2.4951232688638054, "(13, 5)": 2.4033433222760023, "(17, 4)": 2.001283203470756, "(17, 17)": 2.422601154028198, "(8, 15)": 2.399205511554549, "(1, 9)": 2.302268411252444, "(16, 9)": 2.4270594386643243, "(9, 16)": 2.6474647758669505, "(1, 18)": 2.0819331107082455, "(13, 3)": 2.9504730058082194, "(11, 12)": 3.2966999207660663, "(15, 15)": 3.6326291995232953, "(12, 15)": 4.608170407660669, "(3, 1)": 3.2860752809082507, "(6, 3)": 3.603174169507533, "(15, 10)": 5.929761405006948, "(11, 13)": 5.927100483663654, "(15, 16)": 6.325526182782744, "(15, 13)": 6.415838557602717}