{
  "(8, 5)": 1.0,
  "(12, 6)": 2.2625370130052653,
  "(9, 5)": 1.601863954573701,
  "(17, 5)": 1.6819118598673495,
  "(8, 18)": 1.6651199483535488,
  "(11, 8)": 1.7261997014984751,
  "(8, 17)": 1.6755091630758239,
  "(11, 18)": 1.7788371647329477,
  "(10, 18)": 1.9874916132320268,
  "(12, 3)": 1.9334681543610825,
  "(9, 2)": 1.9010555402279923,
  "(2, 18)": 2.074592553865296,
  "(9, 3)": 1.8881164180822347,
  "(3, 12)": 2.090279544623864,
  "(5, 5)": 2.1981535955891984,
  "(15, 8)": 2.3678834626480625,
  "(14, 2)": 2.489971879086193,
  "(2, 15)": 2.47797943642303,
  "(15, 17)": 2.2562468690521333,
  "(17, 13)": 3.1126898987548866,
  "(1, 8)": 2.4083723700815636,
  "(14, 9)": 2.5825404826098057,
  "(7, 15)": 3.0605838702223,
  "(13, 5)": 3.005579035863187,
  "(17, 4)": 2.351741109305379,
  "(17, 17)": 2.8990190252333097,
  "(8, 15)": 2.9112128391361947,
  "(1, 9)": 2.716701844499823,
  "(16, 9)": 2.8481800823588324,
  "(9, 16)": 2.9815691031267533,
  "(1, 18)": 2.3451941975706605,
  "(13, 3)": 3.601417124023879,
  "(11, 12)": 4.080813709036269,
  "(15, 15)": 4.496105861767198,
  "(12, 15)": 5.07433942036482,
  "(3, 1)": 3.949689016678733,
  "(6, 3)": 5.154434736529248,
  "(15, 10)": 7.316122906940002,
  "(11, 13)": 7.400431673569394,
  "(15, 16)": 7.7473714184543825,
  "(15, 13)": 7.497491279857549
}